move dev-util/typstyle app-text/typstyle
move sci-libs/transformers sci-ml/transformers
move sci-libs/tokenizers sci-ml/tokenizers
move sci-libs/datasets sci-ml/datasets
move sci-libs/huggingface_hub sci-ml/huggingface_hub
move sci-libs/safetensors sci-ml/safetensors
move sci-libs/torchvision sci-ml/torchvision
move sci-libs/pytorch sci-ml/pytorch
move sci-libs/caffe2 sci-ml/caffe2
move sci-libs/torchaudio sci-ml/torchaudio
