move dev-python/lightning-utilities sci-ml/lightning-utilities
move dev-python/pytorch-lightning sci-ml/pytorch-lightning
move dev-python/lightning sci-ml/lightning
move dev-libs/cudnn-frontend sci-ml/cudnn-frontend
move dev-python/wandb sci-ml/wandb
move app-office/qtikz app-text/qtikz
move dev-python/torchinfo sci-ml/torchinfo
move dev-libs/dlpack sci-libs/dlpack
